DGM9EySROr8hLPcelzgi.bytes,0
26ReFDsbVBn7JTrYv91g.bytes,1
Gjhd4ZYiPaAFyIpuTx7n.bytes,0
FdBUjIT8P2iN0ODw3Jxt.bytes,0
3tpMAGVr74OgkCde5lzL.bytes,1
h2cdZou5ylgEQaUiJvSD.bytes,1
f1Zy0M3PrxVHzEksOaG5.bytes,1
06KfrF7ltESna2ZHPVp5.bytes,1
8sr61uKOzMTjWfdnDqwa.bytes,1
16eajI7F2vQKhwi9dM4O.bytes,1
5bOucF2zs3YnAgZEp9BC.bytes,1
8bi3cZxuXAhLaoDEKenJ.bytes,0
Iv9Kd3LelrsxDHcYhnJp.bytes,1
6a7hF1ZnHrUAQXouv4xO.bytes,0
dSIY6QxZ4tXnoP8lsqmb.bytes,1
hbUP9c3TFmWJZqCIuBkg.bytes,0
E1DUIqGv4Zzus5LSg237.bytes,0
8Dz5Mb1QfxXTJESniLsZ.bytes,0
87tNO4MR0FzxlyPX5fL3.bytes,0
dVmW97NCRysfpkMxSuBi.bytes,1
4jVLlkxAIGvb3MBzDYHc.bytes,0
hXWmVrauve08ACsMNqZn.bytes,1
6n5xSkDHdUL9BpNwjzfa.bytes,0
4bdlcsiDkvA3hZC0XLQI.bytes,1
jBqmxJCU0dZTO3kSyhMI.bytes,1
EWhzrqv2D3kBYb6SKpUl.bytes,1
iJwSVZNB6Qf3jdC0oAXI.bytes,0
fJurCwMAdLt9iZhsEFgK.bytes,0
Dk2IW6ubO9LKcsHtVNzU.bytes,1
Ftqd7rZi148x0zIJMQPY.bytes,0
6SQwZ8l0jKCkh2ErRqJP.bytes,0
hgbBPkqK8SOI7v0FDYtw.bytes,1
fduMbSetTV83BRx6KJQl.bytes,0
3QHCOA5dqfPTescoWyan.bytes,1
5fEXZxI1vBO8nbFdS2Mi.bytes,1
0gxJ1YmwFUvnOzoM8N53.bytes,0
3Lrcb9Md4Isugz5alUK7.bytes,0
1VMhvfCS30zbeFK4UZxL.bytes,1
gx0LFiqO3C9PIWDETRpG.bytes,1
23iLdjsJ6c01QNkrIRXD.bytes,0
g9izZfbqECNJw7RojkIY.bytes,1
G8Jqn4KXzOMZjyEIW1Uc.bytes,0
I2ZH0sW5hT4aDKwo9gR3.bytes,0
7YrZK0PHmtnEOMfbCdNG.bytes,1
4rPqYhEtQoegNG8HuCFi.bytes,0
6OtViL80ylEW5ogaUH7m.bytes,1
9Rwu8Es7InNiLjDkQSXd.bytes,1
kiOADfHlLYqyt9dUz4eN.bytes,0
AUD3R5PtTseLf9nQx6pj.bytes,0
clQNt9kyP5Tw8SDVfBpE.bytes,0
HEsbjuQ2Zoln3XL5WGvN.bytes,1
4K1DMYcdkRSouvg5isVI.bytes,1
8aBc6ytRQ4oY1PwlKDhq.bytes,0
gaqXeBP905M3TOizZfFw.bytes,0
fQgOyjuS5YDEnUqdKXC1.bytes,0
HxF89VRJUwYW65iBKOIu.bytes,1
5FXu1yi9MvKsJIGPC72c.bytes,0
gNOGKEjzJi5phY0eyx8m.bytes,1
0GbMkYlNyt72OzBjIcVh.bytes,0
g4Ls62ly8VRruEBZID9v.bytes,0
g265T09zY4b3ZExKnr1R.bytes,1
JLrOfGem93RVtBySioNx.bytes,0
ikWOqdCK57rcjxP4SJZD.bytes,1
DYX2E3otnwLK1cIebNuJ.bytes,0
C0WhARs5qPD8xjczMgVF.bytes,1
12Jd4qpOzTtQC3E6PXDb.bytes,1
dXPc7zh306YQBOm4gZCK.bytes,0
APTVokiODMSIyn3r5UuW.bytes,1
fBRjLOxWbPyreYn4hvkU.bytes,0
Izbos3ZTyWKju6k514NY.bytes,0
jUMquAi2SlGwP5bv6tWg.bytes,1
2xmv5zSqBlakorbUw9MJ.bytes,1
BkiT8QwUGHn2CqrDuZaX.bytes,1
eF5DpZHyEhGqCWJVv7l2.bytes,1
7Z0lLsb5Pr6wNjzRDTdH.bytes,1
8FqT40drJNGIK3UAnOfX.bytes,1
74WkCP2cquVeLyU5hgTz.bytes,0
gKONpkVCn83wBlr0a7yc.bytes,1
IR1CwpWFqsnd8gJZtbca.bytes,1
CUhuXitp6fL8jM9Row1H.bytes,1
HyG52Uc8FNxgk0wnXpKY.bytes,1
0BEsCP7NAUy8XmkenHWG.bytes,0
7w3H4fALRB6vVOgh8ce5.bytes,1
B4kQoTYWxbXcEzrvKDZP.bytes,0
CrEMlOGaB6feRx3J20iP.bytes,1
Frgfw47IkyO3ZBXlsQWc.bytes,1
E4i9AgkcJmVSFw3f52OI.bytes,0
7IORsrJqfjV0ixuTbGF9.bytes,0
AsxbfiD2HFmWS7q5cVhy.bytes,1
581bD2ouMmKpySGQszri.bytes,1
C2qDOrIna1h7LpEgU9sZ.bytes,0
38IdJg2Se7po9rGZaNAw.bytes,0
FuajKf6MUmELZ3O4sxlw.bytes,1
DUsyJ2AwpZHS5Yuxobei.bytes,0
EKm3YD5fpWh8FzTZHBbG.bytes,0
CKIT85YvdjSMoQr09A2L.bytes,0
Igx4oNafhQKyeMPi0VSA.bytes,0
4HDpbwyfumP9o3Cx8R0e.bytes,0
8kUrNzex6d4RXAHh935y.bytes,0
btfJ456hq8T3vU9DZjsg.bytes,0
